gair,nifer
yn,494961
y,415562
a,258450
i,235224
yr,182185
o,180120
ei,136619
r,129856
ac,105142
ar,81587
mae,80784
eu,60496
oedd,57294
fod,52916
ond,51433
un,49039
am,48383
wedi,44917
fel,42029
mewn,40341
gan,37398
hyn,36896
nid,35041
â,31306
ni,28655
na,28425
sydd,26927
yw,25693
hwn,25003
hyny,24539
w,23106
ein,22109
er,21295
ef,20566
rhai,19648
neu,19642
at,18819
cael,17914
bod,17150
wrth,16587
nad,15838
trwy,15628
ag,14866
holl,14814
n,14715
iddo,14467
ôl,14378
ydyw,14321
mor,14291
oes,14015
u,13936
pan,13590
gyda,13476
heb,13221
duw,13154
os,12973
mai,12622
hon,12172
lle,11652
bob,11417
pa,11342
dyn,11284
hun,11102
hyd,11089
gael,10749
hefyd,10683
ydym,10493
allan,10408
byd,10087
mawr,10003
pob,9650
fath,9639
yma,9632
fy,9622
hen,9602
efe,9516
felly,9488
beth,9453
arall,9423
amser,9248
meddwl,9240
eto,9166
eraill,8987
llawer,8974
dan,8929
eglwys,8596
fe,8508
hwy,8375
iawn,8333
oddiwrth,8311
peth,7935
awr,7932
mwy,7921
dim,7845
iddynt,7823
unig,7476
byddai,7408
fwy,7389
rhyw,7207
hwnw,7163
rhaid,6953
mr,6952
bydd,6850
the,6628
dros,6430
erbyn,6428
myned,6415
mwyaf,6413
ychydig,6409
cyn,6319
fawr,6211
nag,6131
wneyd,6112
yno,6015
hi,5987
wlad,5972
pe,5951
dy,5944
natur,5923
ydoedd,5837
neb,5740
arglwydd,5733
of,5709
oll,5706
hunain,5636
pryd,5521
gwneyd,5512
ysbryd,5465
wir,5414
bu,5368
dynion,5364
lawer,5323
hono,5266
ddim,5234
feddwl,5200
gwaith,5199
gair,5170
newydd,5136
tra,5094
pethau,5074
rhwng,5040
enw,5018
ryw,5017
bobl,4995
rai,4964
cyntaf,4955
ffordd,4884
hanes,4879
dyfod,4841
dduw,4829
chwi,4790
nis,4768
maent,4751
buasai,4740
c,4734
arno,4718
âg,4688
sef,4679
rhoddi,4656
bynag,4604
ddaear,4576
sylw,4525
yna,4521
gilydd,4495
rhan,4475
oeddynt,4406
honynt,4401
dyma,4392
eich,4376
naill,4361
fyned,4349
waith,4337
mi,4305
roddi,4304
llall,4296
ddau,4291
modd,4286
oblegid,4273
fodd,4154
ai,4150
achos,4138
ganddo,4126
nes,4120
m,4113
da,4110
aeth,4089
edrych,4070
ynddo,4046
golwg,4042
gall,3995
megys,3983
dydd,3962
le,3951
ddyn,3914
gwirionedd,3898
ydynt,3882
ben,3866
gellir,3848
hollol,3846
flwyddyn,3827
d,3818
drwy,3812
hunan,3712
fyny,3708
ymlaen,3681
dda,3675
llyfr,3663
unrhyw,3659
byth,3643
dwyn,3617
genym,3613
cymru,3604
ran,3576
gweled,3543
weled,3524
canys,3497
iesu,3423
rhag,3409
efengyl,3404
bywyd,3404
fydd,3392
hwynt,3387
dr,3371
erioed,3365
dra,3342
ddigon,3339
iaith,3331
wyf,3330
bron,3313
and,3297
amryw,3291
byw,3286
eiddo,3278
gwir,3274
blaen,3248
gallu,3208
nac,3187
fu,3180
fyddai,3145
ail,3104
gyntaf,3102
crist,3100
s,3075
neillduol,3069
bethau,3052
ystyr,3034
herwydd,3013
enaid,3013
tua,3010
unwaith,2994
mwyn,2975
geiriau,2964
rhy,2961
yntau,2955
arnynt,2948
eì,2864
fwyaf,2863
cyfryw,2853
iddi,2851
ìi,2850
john,2842
tuag,2829
ddynion,2800
daeth,2784
amlwg,2778
ffydd,2761
allai,2740
ym,2724
ba,2721
brenin,2706
wneuthur,2699
dano,2699
llaw,2697
naturiol,2696
cymeryd,2688
dangos,2684
gwlad,2659
gymaint,2653
llawn,2637
agos,2632
debyg,2606
lawr,2589
weithiau,2588
flaen,2579
diwedd,2562
ddwyn,2559
tu,2550
gymeryd,2540
galon,2534
nas,2515
crefydd,2507
uchel,2498
oddiar,2496
ymddangos,2492
sicr,2484
gwahanol,2469
bibl,2468
cwbl,2463
ddwy,2460
olaf,2442
gosod,2441
cyffredin,2440
goreu,2439
ddyfod,2429
gallwn,2417
wyneb,2398
ger,2397
gyffredin,2381
llywodraeth,2361
grist,2356
dywed,2354
addysg,2351
uwch,2339
amgylchiadau,2337
dyweyd,2336
ti,2336
law,2332
nefoedd,2329
ymaith,2322
nerth,2318
pen,2312
ynghyd,2296
gŵr,2283
deall,2279
fi,2269
eithr,2264
fewn,2237
ganddynt,2218
hynod,2213
fywyd,2211
dull,2207
hir,2205
dyna,2200
dau,2188
sefyll,2176
tir,2171
sefyllfa,2149
nifer,2146
cynnwys,2134
awdurdod,2134
awdwr,2128
gwneuthur,2127
gyd,2110
môr,2107
all,2104
gwybodaeth,2099
pwy,2098
aros,2097
bresennol,2096
plant,2084
pawb,2084
dyddiau,2083
in,2083
dechreu,2080
amcan,2079
genedl,2068
cymry,2063
mab,2056
th,2055
farw,2047
gydag,2045
di,2036
sy,2033
ynddynt,2027
ysgol,2016
wahanol,2010
grefydd,1998
haul,1985
fyw,1982
eglur,1979
chan,1968
ysgrifenu,1961
crefyddol,1957
hanner,1948
drachefn,1944
gallai,1944
gystal,1940
prif,1940
deyrnas,1937
cymaint,1929
fynych,1924
osod,1924
parch,1923
ymhlith,1919
bryd,1910
lloegr,1896
ato,1894
to,1894
gwbl,1889
egwyddorion,1880
allu,1878
gwybod,1872
athrawiaeth,1871
ys,1868
ystyried,1866
jones,1865
ì,1863
fuan,1857
ynddi,1857
heibio,1852
ffurf,1852
wybodaeth,1846
medd,1840
ddyweyd,1839
man,1835
dad,1831
ymddengys,1827
meddai,1826
lled,1825
nos,1817
derbyn,1817
dywedyd,1816
iad,1814
ymhob,1806
cadw,1803
well,1801
dal,1799
mlynedd,1799
darllen,1795
olwg,1793
pwnc,1790
dosbarth,1786
gadw,1780
enwedig,1779
dwyfol,1776
dywedir,1775
arfer,1773
ateb,1771
uchod,1764
hawdd,1763
fan,1757
an,1754
drwg,1751
phob,1748
perthyn,1745
teimlo,1744
ch,1741
rhywbeth,1740
gadael,1739
sanctaidd,1726
rheswm,1722
cysylltiad,1720
digon,1717
galw,1715
gynt,1713
mawrion,1711
nef,1709
ysbrydol,1708
bawb,1703
tŷ,1700
bur,1694
eisieu,1685
arian,1683
meddu,1681
ddangos,1674
by,1665
ynghylch,1656
ddeddf,1652
oesoedd,1652
ion,1649
cyfan,1648
hytrach,1629
gwell,1629
anghenrheidiol,1627
dir,1627
athroniaeth,1626
iaeth,1624
ffaith,1621
oni,1618
thomas,1616
mater,1613
barod,1613
llai,1607
tad,1606
heblaw,1604
syr,1600
rhydd,1600
ieuanc,1595
cafodd,1593
math,1589
tro,1586
ddywedyd,1585
ochr,1578
swydd,1577
enwog,1572
ddarllen,1567
marw,1560
profi,1554
egwyddor,1545
wnaeth,1544
blaid,1544
siarad,1543
helaeth,1537
braidd,1535
bosibl,1533
nôd,1533
barn,1524
deg,1521
fyddo,1520
paul,1520
syniadau,1518
ddeall,1516
e,1515
fuasai,1513
aml,1512
cyrhaedd,1509
byddo,1503
ceir,1503
l,1500
corff,1494
meddyliau,1493
gyffredinol,1490
troi,1485
fab,1484
esgob,1481
bellach,1481
william,1480
pha,1478
dysgu,1477
ewyllys,1477
uchaf,1467
brif,1466
gellid,1466
credu,1464
nghymru,1463
nesaf,1463
bychan,1456
werth,1456
farn,1453
air,1453
ffurfio,1449
cyfarfod,1448
wybod,1435
dafydd,1430
raid,1429
bardd,1429
dderbyn,1428
onid,1418
anhawdd,1406
sir,1404
llyfrau,1404
rhyddid,1396
ennill,1396
cyffredinol,1394
rhufain,1392
hawl,1392
elwir,1391
chwilio,1378
adael,1376
diweddaf,1376
danynt,1365
oed,1363
mil,1362
t,1358
p,1355
pwysig,1352
nod,1350
angeu,1348
canlynol,1344
eisoes,1344
pechod,1342
dyben,1341
williams,1339
sylwi,1336
can,1335
eiriau,1335
phan,1333
eglwysig,1333
goleuni,1329
syniad,1322
peri,1321
wele,1318
heddyw,1317
rhyfedd,1312
gredu,1311
arni,1310
wraig,1304
presennol,1304
ynte,1301
thrwy,1301
afon,1300
dwy,1299
apostol,1299
son,1295
eglwysi,1294
ydych,1290
codi,1289
ddydd,1286
drefn,1284
gwahaniaeth,1279
darllenydd,1278
bell,1277
raddau,1275
droi,1273
geisio,1269
cariad,1267
ddaeth,1261
dynol,1248
dwfr,1245
hugain,1245
eithaf,1242
groes,1240
mhob,1239
undeb,1233
dylanwad,1231
ŵr,1230
fyd,1226
ydd,1223
llundain,1222
ceisio,1221
dysgwyl,1220
blant,1220
cenedl,1218
dŷ,1216
moses,1215
ysgrythyrau,1213
cawn,1212
amgylchiad,1211
tri,1211
diweddar,1209
amgylch,1207
awyr,1204
darllenwyr,1203
cyf,1202
gwelir,1200
israel,1197
wirionedd,1197
llwyr,1195
b,1194
ddinas,1190
bregethu,1189
iadau,1187
ddeg,1180
teimlad,1180
pregethu,1177
wel,1174
mysg,1173
cyffelyb,1172
prawf,1171
gymdeithas,1165
perthynas,1164
alw,1163
gymraeg,1158
f,1153
deddfau,1153
brofi,1152
ieuainc,1151
ddiweddar,1148
gwaed,1147
pobl,1146
beidio,1143
ofn,1136
dref,1135
gwasanaeth,1133
ddysgu,1133
gwnaeth,1133
ymysg,1128
weinidogaeth,1123
gogoniant,1121
llafur,1120
dylai,1119
oddeutu,1115
hwythau,1115
senedd,1113
gwel,1109
cant,1107
lyfrau,1106
syrthio,1104
teulu,1104
pur,1099
paham,1099
adeg,1097
nghanol,1095
uwchlaw,1094
gofyn,1092
iau,1091
ganrif,1090
gyfraith,1090
ddrwg,1089
ugain,1089
lai,1088
gyrhaedd,1087
canlyniad,1085
rhyfel,1084
wna,1082
leiaf,1082
ysgolion,1079
rhoi,1078
ioan,1075
allanol,1075
ninnau,1074
symud,1074
ellir,1072
sylwadau,1069
farwolaeth,1067
ebe,1066
daw,1066
dod,1064
ofer,1059
cyfrif,1058
ystod,1057
heddwch,1057
nemawr,1056
ddylanwad,1055
gylch,1055
gras,1052
ymhellach,1052
calon,1051
ambell,1050
tân,1050
ffeithiau,1050
priodol,1049
tebyg,1048
dywedai,1048
wrtho,1045
anrhydedd,1045
america,1044
lyfr,1039
wasanaeth,1038
dilyn,1032
ffrainc,1030
gweinidog,1028
aberth,1027
deimlo,1026
du,1026
foddion,1026
wales,1025
anmhosibl,1024
gallasai,1023
cymreig,1020
oddi,1020
ïe,1020
dichon,1018
arbenig,1011
ddaw,1011
fam,1011
j,1011
arwain,1010
rydd,1009
maes,1007
mis,1007
gweithio,1002
enwau,1002
owen,1000
sefydlu,1000
fesur,999
ewrop,997
moddion,996
effeithiol,995
anwyl,993
moesol,992
ofni,991
odd,990
ymhell,990
llygaid,987
lleiaf,986
ynys,983
diwygiad,982
berthynas,982
st,981
gywir,978
atynt,977
pab,976
athrylith,975
tragywyddol,974
aipht,973
lafur,972
genyf,972
marwolaeth,970
lân,969
ofnadwy,968
athraw,967
faint,967
agored,967
wyr,967
diwrnod,966
berffaith,966
ddechreu,965
gwyddom,962
ymdrech,959
effaith,958
nodiadau,956
anfeidrol,955
cylch,953
mesur,952
ysgrifeniadau,952
dd,950
aelodau,949
llythyr,949
draw,948
gy,948
offeiriaid,947
ii,946
gyflawni,945
darfu,945
fynu,944
colli,944
trefn,944
plith,944
daioni,941
hyfryd,938
lywodraeth,936
eistedd,929
aur,929
au,927
on,926
ae,925
rhedeg,918
uniongyrchol,917
honi,914
lliaws,912
gwladol,909
argraffiad,908
methu,907
gyfeillion,907
testament,907
isel,904
cyd,904
pregethwr,901
phe,901
benaf,900
charles,897
hôno,894
bwys,894
cyfiawnder,893
mynydd,891
rwydd,891
iuddewon,889
synwyr,889
loegr,888
saith,887
ddal,886
beirdd,886
godi,885
rhif,883
ci,882
arferiad,879
cofio,879
anfon,878
ddull,878
brawf,877
ddynol,876
cymdeithas,875
gweinidogion,873
tynu,873
sylwedd,872
gariad,872
oreu,871
gwŷr,869
bedd,867
elfenau,867
gorff,867
gyfarfod,866
bechod,865
dalu,865
sefydliad,864
gobaith,864
newid,861
apostolion,858
deulu,858
canfod,857
cy,857
glywed,856
gryn,855
testun,855
anghenrheidrwydd,854
gorchwyl,854
sail,852
gogledd,852
amserau,850
ganlyniad,850
that,849
glân,848
cyfnod,848
is,848
llwyddiant,847
g,846
ofyn,844
adnabyddus,844
deilwng,843
ysgrifenydd,841
bach,841
dwylaw,838
ychwaith,835
addef,833
bregeth,832
oddieithr,831
arnom,828
cân,828
rhagorol,827
offeiriad,827
alluog,826
briodol,826
ffrwyth,825
ffyddlawn,824
canlyn,823
dri,821
anghen,821
wyd,818
gyfrol,817
golygiad,815
gorwedd,815
robert,815
ddysgwyl,813
adrodd,813
dywedodd,813
gwna,810
dysgedig,809
ardderchog,809
gwledydd,809
or,807
ogoniant,807
gau,807
ysgrif,807
iachawdwriaeth,807
ymadrodd,806
flynyddoedd,805
dynu,805
ddyddiau,804
defnyddio,804
hoff,802
dadguddiad,798
ydwyf,796
gwerth,793
eilwaith,793
iwerddon,793
gyfaill,790
ymyl,789
geir,789
h,787
ymadroddion,786
gwerthfawr,786
ychwaneg,784
chael,784
cyfeirio,781
saint,781
dair,780
euog,780
deddf,779
dylid,779
blaenorol,778
cyhoeddus,778
edd,777
rhanau,777
fechan,777
ddadl,776
gweddi,776
grym,774
orist,774
llyfrgell,773
oleuni,773
ddwyfol,772
graddau,770
gelwir,770
ddi,770
person,769
v,769
tair,769
wedd,765
oeddwn,765
argraff,763
gyffelyb,761
evans,761
gorfod,761
prydain,760
ymddangosiad,760
ddilyn,760
trigolion,759
teg,759
doethineb,757
rhyngddynt,757
nodi,757
frodyr,756
cenedloedd,753
barch,752
for,751
ddy,750
lawn,750
reswm,749
ymddiried,749
wyt,748
gyf,748
wnaed,747
gorchymyn,746
addoliad,744
swm,743
rhwym,742
de,737
bychain,737
bymtheg,736
amgen,734
cyfeiriad,734
gwreiddiol,734
ddywed,731
nodedig,730
pedwar,730
daith,729
cyflwr,729
arwydd,729
dirfawr,726
ysgrifenwyr,726
gyfrif,722
gymeriad,719
miloedd,718
feddyliau,717
rywbeth,717
agor,717
cryn,716
ryddid,716
teimladau,714
amrywiol,713
peidio,713
arwyddion,713
ufudd,709
ras,709
grefyddol,709
blaenaf,709
attal,708
disgyn,707
saeson,707
saesoneg,707
perygl,706
ganfod,705
achosion,705
awdur,705
ystyriaeth,705
bwysig,704
annibynol,704
weithio,704
frawd,703
llygad,703
barnu,703
golygu,702
ddarfod,701
cynllun,700
from,699
cryf,699
achlysur,699
bydded,699
diffyg,698
capel,698
adnod,697
talu,695
pedr,694
ad,694
dân,694
cristionogaeth,694
draed,693
weinidog,692
ab,692
gynnal,691
hanfodol,691
ymha,690
adref,689
canu,689
syml,689
ganlyn,689
penaf,687
gyfer,686
chwe,685
iii,685
george,683
dystiolaeth,683
benderfynu,683
rhinwedd,681
nefol,681
gafodd,680
llefaru,680
radd,679
adeiladu,678
llais,678
library,678
fardd,678
gweithredoedd,677
dechreuad,677
addewid,676
tadau,675
anian,675
amddiffyn,674
wŷr,674
duwiol,673
nerthol,673
fanwl,672
ymddyddan,672
effeithiau,671
cymeriad,671
ysgrythyr,670
galluoedd,670
ddichon,667
groeg,667
myn,666
defnydd,666
brodyr,666
ymhen,665
wyth,665
prin,664
gynnulleidfa,663
cam,663
ddylai,663
golygiadau,662
taflu,661
gradd,661
wythnos,661
tori,660
gwr,659
ddwylaw,659
clywed,658
mynyddoedd,657
awen,657
anifeiliaid,657
gwynt,656
ddefnyddio,655
ddiwedd,655
tudal,655
weithredoedd,654
fyth,653
tybied,653
wladwriaeth,653
cyflawni,653
cywir,652
orsedd,652
gwrthddrych,651
penderfynu,651
gyflawn,650
syndod,649
blwyddyn,649
plentyn,649
roi,649
waed,648
effeithio,648
agwedd,648
destament,648
mam,648
sabboth,648
richard,645
esgobion,644
elfen,644
cyfieithiad,644
tan,643
gymru,642
fedd,642
lygaid,641
roddir,641
gasglu,640
ansawdd,640
chwech,640
dygwydd,638
fo,637
lleoedd,637
cyhoeddi,637
welir,636
ychwanegu,635
union,635
aidd,632
weithred,631
ammheu,631
casgliad,630
gân,630
cyfansoddiad,630
gref,629
ffyrdd,629
gofal,629
sicrhâu,629
galluog,629
uffern,628
egluro,628
wneir,628
newyddion,627
beri,627
dwyrain,627
deimlad,626
hysbys,625
ystafell,623
adda,622
serch,622
cymro,621
weinidogion,619
aelod,619
chwareu,617
ain,615
awydd,615
rheol,615
adnabod,614
llwybr,612
ofal,611
gelfyddyd,611
iechyd,610
dyfodol,610
gyhoeddi,609
casglu,609
gartref,609
traethodydd,609
lleill,609
wch,608
unol,608
ysgrythyrol,606
mod,605
abraham,605
wladol,604
hwyrach,604
dechreuodd,603
cnawd,603
esiampl,602
hwnt,602
ganol,602
was,601
destun,601
arferion,599
erthygl,598
bacon,598
golli,596
masnach,596
be,595
tywyllwch,595
dwfn,594
personol,593
cwestiwn,593
ranau,592
epistol,591
trydydd,589
meddiant,589
mhen,588
manwl,586
tueddu,585
flyneddau,585
pechadur,584
jerusalem,583
iach,582
gofio,582
chyda,582
arddangos,581
as,581
davies,581
gydwybod,580
hardd,580
with,578
deugain,578
gafael,578
dani,576
pwys,575
rhesymol,574
ymchwiliad,574
yfed,573
farnu,573
berson,572
gwirioneddau,572
chwaeth,572
fantais,572
nodwyd,571
cynghor,569
mwyach,569
wastad,569
gwedi,569
teyrnas,568
foesol,568
cyfeillion,568
ferch,567
drosodd,567
luther,566
boreu,566
drosto,566
ymadael,566
ddoethineb,565
ll,565
êang,565
daflu,565
byr,563
tai,563
graig,563
gristionogol,561
ddu,561
edig,561
frenin,561
gerllaw,559
iv,559
ddosbarth,559
maith,558
ydys,558
deimladau,557
iaid,557
seisonig,557
mawredd,556
tlodion,556
wnai,556
perffaith,556
argraffwyd,555
anrhydeddus,555
wasg,555
dro,554
tywysog,554
llong,553
daear,553
cristion,552
hithau,552
edward,552
der,551
allwn,551
angel,550
alluoedd,550
duedd,550
yd,549
x,549
chafodd,549
gormod,549
bai,548
werin,548
ardal,548
bwnc,548
nodwedd,547
frenines,547
gweithredu,546
ddiau,546
gallem,546
had,544
efengylaidd,544
oddiwrtho,544
joseph,542
anghofio,542
rhagori,542
gwnaed,541
llwyddiannus,541
rym,541
meddyliol,540
addoli,540
awdl,540
gyn,539
ddeddfau,539
chwaer,539
doeth,538
gyhoeddwyd,538
nghrist,538
teilwng,538
ymofyn,537
bore,536
dori,536
arwyddo,535
dysgeidiaeth,535
cyfaill,535
sefydledig,535
athrawon,535
welsh,535
gallant,534
sicrwydd,534
brawd,534
eneidiau,533
dawel,533
gor,533
adgyfodiad,532
dragywyddol,530
penodol,530
james,530
allasai,529
tlawd,528
amseroedd,528
byddent,528
fyddin,527
efallai,527
ysbrydoliaeth,527
ser,527
llïaws,527
ddychwelyd,526
aethant,526
angelion,526
greadigaeth,526
rhoddodd,525
gelynion,524
ddirfawr,523
naw,523
bedair,523
oer,523
gyson,522
gymhwys,522
ymdrechu,521
ganddi,521
ymweled,521
cristionogol,521
gryf,520
ammheuaeth,520
india,519
hyfrydwch,518
dysg,517
pabyddiaeth,517
penau,517
fil,516
wrthynt,516
drugaredd,515
dewis,515
faith,515
ellid,515
ddelw,515
cymerodd,514
mo,513
flaenorol,513
gwadu,513
fawredd,513
ddaioni,512
methodistiaid,512
gynnwys,512
myfi,512
ini,512
weithredu,511
traethawd,511
fasnach,510
fynwes,510
harglwydd,510
dyeithr,510
gallesid,509
morgan,508
esboniad,508
anwybodaeth,507
blynyddoedd,506
llys,505
ati,505
oeddent,505
allor,504
enau,503
lwyddiant,503
cyfammod,503
canol,503
ddiweddaf,503
dyfroedd,503
herbyn,502
awyddus,502
cyfansoddi,501
difrifol,501
arnaf,501
ddywedodd,501
barhâus,500
llawr,500
bersonau,499
adeilad,499
new,499
waeth,499
llun,498
ymweliad,497
gwyn,497
ffurfiau,497
maint,496
ddyledswydd,496
barddoniaeth,495
hwyr,495
ymron,495
bedwar,495
ymarferol,495
draul,494
ymddygiad,493
pedair,492
caru,492
duwdod,492
gweithiau,492
eisteddfod,492
oddiyno,491
tystiolaeth,491
llanw,490
pabyddion,490
pabaidd,489
cyfiawn,489
bennod,488
gwisgo,488
buasent,488
genedlaethol,487
cyfodi,487
ymneillduwyr,486
rhyfeddol,486
gelyn,485
dyoddef,485
atebiad,485
ysgrifenodd,485
cymhariaeth,484
lais,484
coed,483
rhagluniaeth,483
anhawsderau,483
pum,483
dybygem,483
oesau,482
fendith,481
wn,481
prydferth,480
taith,480
oen,480
gwahaniaethu,479
cydwybod,479
od,479
drydedd,478
gwrthddrychau,478
sabbothol,478
blynedd,477
mynych,477
weddi,477
rhwydd,476
hysbysu,476
sawl,475
dengys,475
cyflawn,475
calonau,475
gyfeirio,475
dychwelyd,475
olygiadau,475
haf,475
meibion,474
chrefydd,473
grymus,473
rhoddwyd,473
it,473
go,472
ymborth,472
amrywiaeth,472
cymraeg,472
ŵyr,471
llawenydd,471
filoedd,471
hôni,471
wrthddrych,471
manau,471
ddïau,470
milldir,470
llênyddiaeth,470
fed,470
gynnwysedig,469
meistr,469
tros,469
wasanaethu,469
deiliaid,469
iuddewig,468
iol,468
gwnai,467
cyfandir,467
raddol,466
gwas,466
meirw,465
lles,465
bum,465
fyr,465
ganlynol,464
goruchaf,464
fron,464
ngolwg,464
ant,464
sŵn,464
arch,463
ebai,463
hymnau,463
goron,462
mantais,462
ymresymiad,462
cynnal,462
esgyn,462
merch,462
arferol,460
ymladd,460
athrawiaethau,459
gen,458
cydnabod,457
mân,457
gweddïo,457
wledydd,457
gyfryw,456
hau,456
olrhain,456
his,456
olygfa,456
tymmor,455
gyhoeddus,455
perthynol,455
ychwanegol,454
llinell,454
pulpud,454
swyddogion,453
wrthddrychau,453
dadl,453
dybied,453
gwres,453
plwyf,452
sabbath,452
drws,452
drychfeddwl,452
affrica,451
feibion,451
gydnabod,450
bregethau,450
sancteiddrwydd,450
pris,449
anialwch,449
creigiau,448
cyfoeth,448
wr,448
gogoneddus,448
gweithiwr,446
hanesiaeth,446
cromwell,445
anferth,445
hugh,445
enwogrwydd,445
cario,444
wrando,444
gwneir,444
duwinyddiaeth,444
chwedl,442
gwasanaethu,442
deml,442
henry,442
oedran,441
protestanaidd,441
sylfaen,441
bala,440
dewi,440
anfarwol,440
obaith,439
ee,439
ymarferiad,439
draws,439
sefydliadau,439
orchwyl,439
pechodau,438
fedr,438
araf,438
dyledswydd,437
gwaethaf,437
bwrdd,437
gymreig,436
milton,436
llinellau,435
traed,435
thra,435
byddwn,434
ynt,434
ap,433
anwybodus,433
lladd,433
deb,433
ganu,432
bara,432
personau,432
harwain,432
oeddem,431
gysylltiad,431
annhraethol,431
awn,431
gyfiawn,431
ddarfu,431
ddiammheu,431
ffynnon,431
wahaniaeth,430
pell,430
dylem,430
farddoniaeth,430
ymgais,429
oeddym,429
cymhwys,428
treulio,428
welodd,428
more,428
gorphwys,428
apostolaidd,428
feistr,428
plato,427
grêadigaeth,427
gorllewin,426
llwch,426
hedd,426
wyn,426
gyfiawnder,426
enghraifft,426
byddant,426
gallaf,426
gyflwr,425
orchymyn,425
bregethwr,425
adroddiad,425
esbonio,425
gwrthwyneb,424
bae,424
ormod,424
werthfawr,424
pren,424
phethau,424
ofalus,424
llwyddo,424
ymostwng,424
harri,423
caiff,423
ysgrifenwyd,423
iê,423
tywyll,423
fynyd,422
diafol,421
brydferth,421
gauaf,421
gario,421
national,420
gallent,420
cristionogion,420
chymeryd,419
dygwyd,419
ddoeth,419
oddiamgylch,419
ddawn,419
rhys,418
chwithau,418
roddwyd,418
chadw,418
rhywun,418
cyfnewidiad,417
bo,417
barth,417
wrthym,417
gawn,417
niwed,416
synwyrau,416
ieuenctyd,416
goleu,416
chwaith,416
haiarn,415
gymerodd,415
bryn,415
oddiwrthynt,415
ymddangosai,415
urddas,414
odid,414
einioes,414
llenyddol,413
gynnyrchu,413
amcanu,413
gwraig,413
bodolaeth,413
gwelsom,413
gwyrthiau,412
swllt,412
drafferth,412
manteision,412
duwiau,411
rhoddir,411
llosgi,410
hoes,410
deng,409
llywodraethu,409
lefaru,409
dacw,409
oriau,409
dadleu,409
uchder,409
ddiffyg,408
ieithoedd,408
estyn,407
cynnyrchu,406
foreu,406
fater,406
annuwiol,406
anghyffredin,405
wrandaw,404
creadur,404
llawen,404
gam,403
ddywedir,403
athronydd,402
harris,402
bachgen,402
ynghyda,401
ymherawdwr,401
chwil,401
addas,401
wy,401
anhawsder,401
dymuno,401
darfod,400
rheolaidd,400
lliosog,399
gwrth,399
dynolryw,399
gwrthod,399
dychymyg,398
cynnyg,397
lyfrgell,397
noeth,396
feddiant,396
rhagor,396
ddwfr,396
gyfansoddiad,395
acw,395
darlun,394
synu,394
ddystaw,394
gymhorth,394
ymae,393
drigolion,393
vi,392
he,392
lygad,392
rees,392
lythyr,392
rhesymau,392
dinystr,392
ewch,391
archesgob,391
dôn,390
elynion,390
rhufeiniaid,390
satan,390
amddifad,389
achub,389
ddysgeidiaeth,388
gofalu,388
profion,387
droed,387
terfynau,387
eg,386
parhâu,386
may,385
enwad,385
î,385
london,384
anwiredd,384
prophwyd,384
tuedd,384
gweithrediad,384
argraffu,384
cof,384
hanfod,383
hiaith,383
anweledig,383
gwelwn,383
ganwyd,382
yspaid,382
ddiogel,382
sôn,382
athrofa,382
oddef,382
newspapers,382
gyfundrefn,381
merched,381
rhieni,381
mha,380
ymddwyn,380
ngwyneb,380
salmau,380
isaac,380
benderfynol,380
cynnyddu,380
ladd,379
pregethau,379
îs,379
fynai,379
bôd,379
tarddu,378
dywysogaeth,378
gynllun,377
fach,377
glan,377
bersonol,377
bwriadu,376
bwrw,376
penderfyniad,376
bren,376
rheolau,376
pregethwyr,376
adn,375
drin,375
wyddom,375
rhyngddo,375
gweddill,374
ddysgyblion,374
darn,374
arfau,374
en,374
phen,374
brydain,373
luc,373
gobeithio,373
maddeuant,373
gosodiad,373
nuw,372
gyfieithiad,372
lewis,372
gant,372
galed,371
ddyben,371
ymaflyd,371
gymydogaeth,371
lys,370
llywydd,370
dipyn,370
argraphwyd,369
llygredig,369
led,368
ryfedd,368
syn,368
gadarn,367
garu,367
ffafr,367
brofiad,367
wrthod,367
genedloedd,367
nhŷ,367
ir,367
wadu,365
chyn,364
llafurio,364
cafwyd,364
drostynt,364
ymosod,364
llenwi,363
morganwg,363
ymuno,362
rhagddo,362
gwlaw,362
ŷd,362
foddlawn,362
cynnydd,362
this,362
ddylid,361
corfforol,361
daniel,361
fyn,361
faes,361
wydd,360
dymmor,360
castell,360
iago,360
ddyoddef,360
cystal,360
gyru,359
enwi,359
araeth,359
dyfnder,359
salm,359
ddygir,359
duwioldeb,359
gynnyg,359
gwirioneddol,359
barddonol,359
edinburgh,358
llwyth,358
babaidd,358
belled,358
dybiaeth,358
gweithwyr,357
sais,357
lwyr,357
fry,357
dirgelwch,357
gefn,356
gyfoeth,356
hanesyddol,356
feirdd,356
gyfan,356
darostwng,356
caethion,356
saif,355
hawliau,355
ystyrir,355
gwyneb,355
isaf,354
delw,354
unigol,353
gweithred,353
ddewis,353
defodau,353
druan,353
esgeuluso,353
my,353
cychwyn,353
thriugain,353
ddysg,352
hall,352
honom,351
ymherodraeth,351
dyrchafu,351
ddyledus,350
gwaredwr,350
dedwyddwch,350
lleuad,350
cheir,350
hanesyddiaeth,349
gwyddai,349
gyfundraeth,349
ddifrifol,349
amcanion,348
cau,348
wylo,348
samuel,348
fodolaeth,347
pregeth,347
feddu,347
ymddibynu,347
deuai,347
gŵyr,347
eî,347
gysylltiedig,347
hystyried,346
rwssia,346
tipyn,346
ddiwrnod,346
ysgrifen,346
nodweddiad,345
daleithiau,344
mynwes,344
crêadur,344
heol,344
digonol,343
ddefnydd,343
ymarfer,343
astudio,343
cymer,342
marwol,342
fraint,342
mesurau,342
syrthiodd,342
dynoliaeth,341
gyflym,341
oruchwyliaeth,341
christ,341
llu,341
dyddorol,341
ie,341
mrs,341
bri,341
act,340
eglurhâd,340
oddiallan,340
gof,340
dyner,340
ach,339
symudiad,339
dysglaer,339
amlygu,338
gyfansoddi,338
gweithrediadau,338
dedwydd,338
miller,337
cyfraith,337
neilldu,337
dinas,337
dawn,336
mlwydd,336
celfyddyd,336
ymddangosodd,336
lluoedd,336
minnau,336
haeru,336
henwau,335
elwid,335
milwyr,335
sefydlog,335
safon,335
ddeng,335
gelwid,335
weithrediad,334
chant,334
ed,334
elias,334
dillad,334
gwael,334
gynghor,334
rufain,333
ddwfn,333
athronwyr,333
awdwyr,333
haeddu,333
ffyddlondeb,333
wan,332
parchedig,332
ebrwydd,332
adar,332
anfonwyd,331
fôr,331
gwedd,331
medru,331
ffoi,330
mynai,330
tyner,329
prophwydi,329
dybygid,329
gofyniad,329
roddodd,329
deuddeg,329
scotland,329
rowlands,329
trwyddo,329
bedwaredd,328
gwaeth,328
hâd,328
afonydd,328
gadewch,328
than,328
gynnorthwyo,328
safle,327
newton,327
etifeddiaeth,327
dwys,327
niweidiol,327
david,327
hŷd,327
plaid,327
fân,327
offeryn,326
ymchwiliadau,325
gwerthu,325
gwan,324
onidê,324
gwelodd,324
leoedd,324
linell,324
ddeiliaid,324
blyneddau,324
yddol,324
ffol,323
dyledswyddau,323
dar,323
doniau,322
sant,322
ragor,322
afael,322
teithio,322
llythyrau,321
fynydd,321
nhad,321
aberthau,321
buan,320
ddyeithr,320
ymresymu,320
pobpeth,320
gwae,319
olygiad,319
redeg,319
derfyn,319
awel,319
lladin,319
germany,319
groegiaid,318
wed,318
bryniau,318
cyfarfodydd,318
rhydychain,318
wahân,317
gwrando,317
not,317
rhad,317
och,317
eglwyswyr,317
blentyn,317
dyb,316
edwards,316
atom,316
dymunol,316
cylchgrawn,315
bwriad,315
chwerthin,315
defnyddiau,315
ddedwydd,315
history,315
parchus,315
sylwa,315
ffynnonell,315
hamcan,314
profiad,314
dreulio,314
rhodd,314
ynom,314
elw,313
pentref,313
amgyffred,313
bunnau,313
ystyrid,313
parth,313
argraffiadau,313
seneddol,313
blodau,313
breninoedd,313
gwmpas,312
niwedd,312
rhwymo,312
hol,312
boen,312
gwragedd,312
ymestyn,312
cryfion,312
seren,312
addaw,312
llwyd,312
swyddau,311
gymharu,311
fanau,311
siriol,310
swn,310
cyfleusdra,310
caerfyrddin,310
ddiffygiol,309
wreiddiol,309
bechodau,309
prydnawn,309
cysondeb,309
gwelwyd,309
safai,308
sicrhau,308
pheth,308
desgrifiad,308
dinasoedd,308
anhebgorol,308
viii,307
gristionogion,307
medr,307
fwyn,307
wirioneddau,307
annheilwng,307
noswaith,307
liverpool,307
tyfu,306
fychan,306
buddiol,306
hynt,306
arferir,306
gwely,305
cyrff,305
parthau,305
orphwys,305
fwrw,305
flynyddau,305
uno,305
canlyniadau,305
gweinidogaeth,304
fore,304
cawsom,304
journal,304
gristion,304
cadarn,304
teimlai,304
boreuol,303
anmherffaith,303
egni,303
cysgod,303
weithrediadau,303
cymylau,303
gorphen,303
nyddiau,302
bywiog,302
lwybr,302
taro,302
roberts,302
sion,302
anfynych,302
filldiroedd,302
bwyta,301
nghalon,301
anfonodd,301
rhywle,301
chalon,301
sut,301
diau,301
gwyllt,301
gaeth,301
fyno,300
iarll,300
cenadwr,300
pellder,300
caethiwed,300
troedfedd,299
gynnydd,299
drwyadl,299
cymhwyso,299
awdurdodau,299
cannoedd,299
anghraifft,298
eira,298
anfarwoldeb,298
argyhoeddiad,298
bregethwyr,298
lythyrau,298
gloch,298
weddïo,297
terfyn,297
frwydr,297
no,297
ynfyd,297
uniawn,297
glod,297
chwerw,297
hanesion,296
you,296
po,296
ddarllenwyr,296
addysgu,296
dinystrio,296
aberthu,296
hanfodi,296
helynt,295
iant,295
phlant,295
wirioneddol,295
hughes,295
rinwedd,295
môn,295
ynglŷn,294
meddiannu,294
tanllyd,294
ddynoliaeth,294
cais,294
over,294
mair,294
jacob,294
ynysoedd,294
rhodio,293
gychwyn,293
hamgylch,292
me,292
dai,292
fai,292
lliw,292
prydferthwch,292
sain,292
ystyriaethau,292
mwynhâu,292
awgrymu,292
cym,291
bwyd,291
dysgyblion,291
enwyd,291
trin,291
allant,291
oleu,291
caniatâu,291
hamilton,291
fl,291
llon,291
gangen,290
anifail,290
dodi,290
offerynau,290
les,290
cyfreithiau,290
cefn,290
cyflwyno,290
trugaredd,290
tref,290
ysgafn,289
ty,289
esmwyth,289
llonydd,289
henaint,288
nwylaw,288
mynyd,288
dagrau,288
hyder,288
defnyddiol,288
dyffryn,288
twyll,287
dlawd,287
gyfrwng,287
gonest,287
ionawr,286
gyfodi,286
dychryn,286
id,285
cyfateb,285
gwin,284
gwn,284
berthyn,284
ddigonol,284
wely,284
ofalu,284
gwyr,284
chwedlau,284
llythyrenau,284
lu,283
teuluaidd,283
derfynu,283
arglwyddi,283
sinai,283
tangnefedd,283
enwogion,283
help,282
ddifrif,282
greu,282
ddadguddiad,282
dywyll,282
hiliogaeth,281
mhrydain,281
es,281
angenrheidiol,281
phwy,281
teuluoedd,281
fwynhâu,281
elai,280
athronyddol,280
gyfieithu,280
arferai,280
urddasol,280
dymher,279
barnwr,279
daionus,279
flaenaf,279
daearol,279
ffafriol,279
ddechreuad,279
trueni,279
tebygolrwydd,279
do,279
gyfranu,278
mawl,278
nen,278
berygl,278
crybwyll,278
matthew,277
hanfodiad,277
cor,277
wawr,277
olygu,277
cawsant,276
gynnorthwy,276
hy,276
cynnorthwyo,276
helyntion,276
proffesu,276
ffynu,276
gymro,276
cyhoeddiad,275
meusydd,275
ngwlad,275
hanesydd,275
ammod,274
wisg,274
llysiau,274
brynu,274
lun,274
swyn,274
ysgogiad,274
aruthrol,274
diolch,274
cyfoethog,274
fwyta,273
awst,273
galwyd,273
hysbryd,273
weision,273
ffurfafen,273
ryfel,273
cylchgronau,273
ysplenydd,272
orphen,272
drygioni,272
cynifer,272
which,271
llef,271
gysgod,271
islaw,271
gydnabyddus,270
arnoch,270
anadl,270
eithafion,270
phawb,270
gym,270
boneddwr,270
cryfaf,270
flynedd,270
lundain,270
genych,269
gyfansoddiadau,269
ymdrechion,269
cododd,269
hoffi,269
cysur,269
dymuniad,269
hollalluog,269
rhifyn,269
llŷs,269
holi,268
gymanfa,268
cenadol,268
lloer,268
cesar,268
punt,268
iachus,268
gwrthwynebiad,268
ardd,268
ddyrchafu,268
gwrandaw,268
pechaduriaid,268
nawdd,268
nechreu,267
nant,267
terfynu,267
blin,267
gw,267
plyg,267
argyhoeddi,267
englyn,267
ddengys,267
gweddïau,267
derbyniad,267
welsom,267
blith,267
ddarllenydd,266
ffrwythau,266
ddwys,266
wyddai,266
byddwch,265
buont,265
nwyddau,265
adnodau,265
llew,265
gofid,265
information,264
brofion,264
chariad,264
dyrfa,264
darnau,264
solomon,263
diwygwyr,263
efengylau,263
allent,263
buom,263
thebyg,263
deithio,263
defaid,263
morris,263
bunyan,262
but,262
anghyson,262
rhagoriaeth,262
gymry,262
ddywedai,262
canrif,262
rhestr,262
llïosog,262
glir,262
dirmyg,261
rhifedi,261
euogrwydd,261
bedydd,261
achosi,261
amaethyddiaeth,261
ymwneyd,261
amaethwr,261
ddadleu,261
hynaf,261
cyhoeddwyd,261
pridd,261
oddigerth,261
adferiad,260
arswyd,260
barhaus,260
ennillodd,260
brown,259
pellach,259
hyawdledd,259
rywbryd,259
liaws,259
analluog,259
howe,259
drych,259
iuddew,258
syllu,258
gwaeddi,258
tlodi,258
al,258
amynedd,258
diwydrwydd,258
gyfran,258
moesoldeb,258
derbyniodd,257
cymydogion,257
zel,257
bydol,257
rhaì,257
draethawd,257
gwelai,257
hyf,257
church,257
rhwystr,257
dduwiol,257
dymunem,256
cyfundeb,256
ymryson,256
glust,256
gladstone,256
genau,256
journals,256
tônau,255
uwchben,255
epistolau,255
sefydlwyd,255
draethu,255
goddef,255
fuont,255
trefnu,255
ceid,254
medrus,254
babaeth,254
esiamplau,254
dyfyniad,254
honoch,254
ymgymeryd,254
wefan,254
gadwen,254
ddirgelwch,254
gymhwyso,254
pedwerydd,254
llênyddol,254
tawel,253
clywsom,253
pennill,253
adwy,253
atebai,253
ddarostwng,253
erthyglau,253
ddybenion,253
cymundeb,253
hapus,253
rymus,252
fanteision,252
cyhoedd,252
dâl,252
briodoli,252
elyn,252
cysylltu,252
achlysurol,252
gollwng,252
sylweddol,252
bedyddwyr,252
afiechyd,251
amddiffyniad,251
bodoli,251
we,251
wisgo,251
ddymunol,251
welwyd,251
preswylio,250
debygol,250
caled,250
gyflwyno,250
boblogaeth,250
llongau,250
wrthyf,249
peter,249
gwych,249
us,249
protestaniaid,249
when,249
blino,249
ardaloedd,248
asia,248
ymosodiad,248
cerdded,248
ystâd,248
golled,248
derfynau,248
ymddygiadau,248
groesi,248
rhïeni,248
dyfodiad,248
amen,248
hysgrifenu,247
dygir,247
dywyllwch,247
bechadur,247
messiah,247
gysur,247
gwreiddyn,247
gnawd,247
ddynt,247
boneddig,247
dadgan,247
gwa,247
cenedlaethol,247
tybir,247
rhoddai,247
hael,246
aneirif,246
hyderwn,246
bwy,246
buasem,246
suddo,246
dafod,246
wrthi,246
llwyddodd,245
dybenion,245
helaethach,245
heolydd,245
gaiff,245
traethodau,245
edifeirwch,245
gadawodd,245
muriau,244
cysegredig,244
priodoli,244
lloyd,244
sylfaenol,244
llid,244
cymhorth,244
hydref,244
ffrwd,244
ofynol,244
obeithio,243
cu,243
ymyraeth,243
maddeu,243
im,243
anffyddiaeth,243
annhebyg,243
drygionus,243
serchiadau,243
wobr,243
taleithiau,243
ddymuno,242
ionedd,242
yddiaeth,242
atebodd,242
llyfryddiaeth,242
resymau,242
berffeithrwydd,242
emynau,242
fuddiol,242
elizabeth,242
swyddog,242
dygwyddodd,241
ddo,241
lawenydd,241
gwisg,241
ymroddi,241
emyn,241
mynediad,241
cymharu,241
dos,240
ddichonadwy,240
edrychai,240
achau,240
noson,240
fôd,240
bendith,240
doctor,240
ddrych,240
are,240
arweiniad,239
brifddinas,239
daethant,239
barthau,239
gweision,239
gwirion,239
anffaeledig,239
frawddeg,239
ymwrthod,239
fryd,239
medi,239
ddinystr,239
fuchedd,239
ddyfal,238
abl,238
welwn,238
feddiannol,238
nodau,238
guddio,238
lïaws,237
hegwyddorion,237
cerddoriaeth,237
ne,237
seiliau,237
synied,237
yrfa,237
breninol,237
maen,237
wnaethant,237
nwydau,237
ollwng,236
ff,236
arddull,236
job,236
enwadau,236
cyfansoddiadau,236
ddinystrio,236
materion,236
ffurfiad,236
gyfoethog,235
cyfeirir,235
gofynodd,235
pleidiau,235
fara,235
henuriaid,235
darluniad,235
beunydd,235
gyfnewidiad,235
dyddordeb,234
benderfyniad,234
el,234
vii,234
olion,234
gyfeiriad,234
werthu,234
llan,234
pennod,234
cynhyrfu,234
fyddant,234
newyn,234
gweinyddu,234
beirniaid,233
et,233
anghyfiawnder,233
llym,233
llewelyn,233
traethu,233
hebraeg,233
ysw,233
glwydd,233
meddwn,232
gwrthwynebu,232
pump,232
ddygwyd,232
ddyfodiad,232
hyna,231
ynfydrwydd,231
china,231
aflan,231
cerdd,231
ô,231
theimlad,231
gareg,231
sylweddau,231
ent,231
her,231
imi,231
sêr,231
ddynolryw,230
bodd,230
sych,230
parhâus,230
gristionogaeth,230
gysurus,229
dygodd,229
erchyll,229
dehau,229
annog,229
arddangosiad,229
ymddangosiadau,229
their,228
ddeuai,228
dail,228
ix,228
poblogaidd,228
phwysig,228
ymdrechiadau,228
traddodiad,228
llafurus,228
welais,227
gwendid,227
siroedd,227
bechaduriaid,227
wastadol,227
ysgwyd,227
ceffyl,227
alexander,227
diniwed,227
llyn,227
misol,227
fwyd,227
trefydd,227
cyntefig,226
arswydus,226
galwad,226
magu,226
drueni,226
gwrs,226
dalaeth,226
awgrym,226
gweith,225
balchder,225
rwymau,225
coch,225
felldith,224
coleg,224
dygwyddiadau,224
urdd,224
niwl,224
eben,224
feirw,224
italy,224
fachgen,224
bont,224
hil,223
ah,223
lywodraethu,223
wesleyaidd,223
hinsawdd,223
have,223
penderfynol,223
phobl,223
clod,223
cleddyf,223
efrydydd,222
heneidiau,222
efo,222
rhoddwn,222
vn,222
mwythig,222
gwilym,222
fin,222
ss,222
arweinydd,222
mwyafrif,222
cwm,222
finnau,222
innau,222
gorchfygu,222
anifel,222
forwyn,221
dibynu,221
lanw,221
meddylddrych,221
yu,221
ystorm,221
ebrill,221
roddes,221
yru,221
canfyddir,221
eigion,221
thad,221
cyfamser,221
alwad,221
af,221
byddont,220
goffadwriaeth,220
wnawn,220
prynu,220
barodd,220
paris,220
cwmwl,220
feddiannu,220
esgyrn,220
phedwar,220
ol,220
fyddent,220
grybwyll,220
digofaint,220
cenadon,220
pynciau,219
byddaf,219
roddai,219
fis,219
edrychwn,219
lwyddo,219
anarferol,219
gynted,219
prys,219
dystawrwydd,219
barhâu,219
egnïol,219
chwanegu,219
dwyll,219
ragorol,219
your,219
fraich,219
ddarnau,218
wrthwynebu,218
cyhyd,218
duwinyddol,218
fri,218
calfinaidd,218
cyfrolau,218
gwenith,218
nì,217
adferu,217
llythyrenol,217
dirgel,217
angen,217
nyni,217
wrthddadl,217
cyfnewid,217
brofedigaeth,217
dychrynllyd,217
fro,217
edrychwch,217
paganaidd,217
wên,217
faintioli,217
gymer,217
cymdeithasau,216
genadaeth,216
âr,216
anturio,216
feithrin,216
lleied,216
farwol,216
anaml,216
enyd,216
gwag,216
parod,216
ddefnyddir,216
ewyllysio,216
addewidion,216
meithrin,215
ddyled,215
canaan,215
defnyddioldeb,215
ymwybyddiaeth,215
linellau,215
jehofah,215
parhau,215
cysgu,215
wesley,215
z,215
ymosodiadau,215
gweledig,215
gwella,214
iaethau,214
onest,214
boed,214
lan,214
benodol,214
afresymol,214
lafurio,214
han,214
amaethwyr,214
gorfodi,214
drwm,214
dadleuon,214
tyb,214
adeiladaeth,214
beirniadaeth,214
trigo,213
gosodwyd,213
hyderus,213
gerdded,213
oedfa,213
diflanu,213
rhinweddau,213
gynnyrch,213
ymgodi,213
dduwioldeb,213
gwelid,213
chweched,213
bendithion,213
eden,212
duon,212
cywydd,212
lenwi,212
rhuf,212
hawddgar,212
fibl,212
gosodir,212
bump,212
weinyddu,212
bris,212
ddoniau,212
enghreifftiau,212
gosodiadau,212
ddedwyddwch,212
phillips,212
oliver,211
ysbrydion,211
cartref,211
rheidiol,211
anturiaeth,211
lef,211
gar,211
arglwyddiaeth,211
idd,210
rev,210
per,210
gapel,210
hamdden,210
ddeuddeg,210
agosaf,210
ddyfnder,210
ofid,210
llygredigaeth,210
mewnol,210
oddiyma,210
gannoedd,210
il,210
felus,210
ffrwythlawn,209
iachawdwr,209
ddar,209
cyflawnder,209
cyfnewidiadau,209
gorfu,209
brin,209
rhanu,209
carchar,209
ha,209
cywrain,209
genedlaeth,209
brydferthwch,209
alwedigaeth,209
gormes,208
englynion,208
drindod,208
llyw,208
bernir,208
dderbyniad,208
reolau,208
oe,208
ddalen,208
byn,208
ddrws,208
been,208
âi,207
they,207
rhwystro,207
aiphtiaid,207
cyson,207
haws,207
adroddiadau,207
ddioed,207
barchus,207
sîr,207
caeth,207
mill,206
dreth,206
powell,206
etholiad,206
dragywydd,206
crêawdwr,206
miliwn,206
llwybrau,206
bid,206
rywfodd,206
eihun,206
cymhell,206
penaeth,206
aderyn,206
daro,206
dê,206
weith,206
tafod,206
amlygiad,205
hysbysiad,205
gyflawnder,205
nau,205
cyfaddas,205
rhwysg,205
moesau,205
gofalus,205
gellwch,205
wahan,205
cefais,205
gyfammod,205
geni,205
palas,205
awduron,205
llwythau,205
ammheus,205
llen,205
tiroedd,205
swper,205
briodas,205
chaiff,205
chrefyddol,205
cae,204
eilun,204
hyawdl,204
ddisgyn,204
achlysuron,204
cyfranu,204
tydi,204
has,204
cyfrol,204
creawdwr,204
henafol,204
pwyso,204
gwareiddiad,204
evan,204
losgi,204
rhwystrau,204
mawrhydi,204
gwisgoedd,204
ddaethant,203
arthur,203
ymneillduaeth,203
ing,203
one,203
ergyd,203
symudiadau,203
gynnadledd,203
ddarostyngedig,203
ngwaith,203
gydnabyddiaeth,203
bydoedd,203
serchog,203
manteisiol,203
bynciau,203
hywel,203
cwymp,203
adgofion,203
dylasai,203
gysegredig,202
celwydd,202
ddychymyg,202
dychwelodd,202
rieni,202
annedd,202
pughe,202
wael,202
gais,202
grediniaeth,202
dŵr,202
gymydog,202
ogoneddus,202
haeddiant,202
hamser,202
rhesymeg,202
ffrancod,202
eni,202
chy,202
dwyreiniol,202
dorf,202
ngeiriau,201
gerdd,201
orchfygu,201
creaduriaid,201
meddir,201
alban,201
rywun,201
fyfyrio,201
ffolineb,201
hyderu,201
gyfrolau,201
annibynwyr,201
gogleddol,201
goruwchnaturiol,200
gwarth,200
eryr,200
agoriad,200
griffith,200
esgobaeth,200
coffadwriaeth,200
sonir,200
eb,200
british,200
arbed,200
owain,200
unoliaeth,200
drygau,200
traeth,200
genadwri,200
ddefnyddiau,199
byddin,199
llestr,199
nês,199
gosododd,199
gasgliad,199
gwair,199
dadau,199
aberteifi,199
adnabyddiaeth,199
anghywir,199
chwythu,199
pleser,198
nesâu,198
galar,198
naturiaeth,198
taw,198
hawdwr,198
filwyr,198
dychymygu,197
ymneillduol,197
dïau,197
gwiw,197
adau,197
wrthwynebol,197
anadlu,197
anwyd,197
harddwch,197
gynghanedd,197
ma,197
liw,197
maintioli,197
dônau,197
rhyfeddu,197
perffeithrwydd,197
ddiolchgar,197
fisoedd,197
masnachol,196
eithriad,196
goll,196
gwrandawyr,196
ficer,196
deheudir,196
geilw,196
thri,196
drwyddo,196
poen,196
swynol,196
aristotle,196
deheuol,196
têg,196
wybren,196
côf,196
fawl,196
gweddillion,195
locke,195
meddwdod,195
fwyfwy,195
faterion,195
taylor,195
cyhuddiad,195
cynt,195
mal,195
ffrydiau,195
tôn,195
tebygol,195
gwrthryfel,195
hawdurdod,195
ddiwygio,195
goed,195
erys,195
xi,195
wella,195
mawrth,195
thi,195
tybia,194
nt,194
anghyfiawn,194
fesurau,194
edrychir,194
gwasgu,194
actau,194
curo,194
truenus,194
chawn,194
peryglus,194
eee,194
cynghrair,194
gwron,194
ganlyniadau,194
rhagfarn,193
penderfynodd,193
bywiol,193
ddiammheuol,193
eang,193
gyfrifol,193
treiddio,193
dilynol,193
osodwyd,193
cysegr,193
diwyd,193
brydiau,193
trwm,193
goch,193
annibyniaeth,193
fwriad,193
cilio,193
trem,193
anffodus,193
ddyddordeb,193
credwn,192
ymollwng,192
ny,192
weyd,192
fwrdd,192
ymadawiad,192
enedigaeth,192
ysbrydoledig,192
galluogi,192
gwelais,192
gwaedlyd,192
gymhell,192
cei,192
cymerwn,191
awyrgylch,191
angau,191
long,191
ganiatâu,191
goronwy,191
groegaidd,191
ifan,191
gynneddf,191
dynodi,191
sanct,191
ragluniaeth,191
gwynedd,191
diammheu,190
gyhoeddiad,190
milltir,190
drosglwyddo,190
chymaint,190
ddodi,190
thraw,190
caer,190
casgliadau,190
bobpeth,190
ymattal,190
degwm,190
genad,190
wedyd,189
dywedwn,189
ddymuniad,189
amrywio,189
braw,189
blynyddau,189
hwyl,189
myfyrio,189
dysgwyliad,189
aethom,189
haeriad,189
anial,189
ragoriaethau,188
amlygiadau,188
bendant,188
heycock,188
adeiladau,188
bendigedig,188
twrci,188
myrdd,188
goleuo,188
cymerai,188
ymneilldiiwyr,188
life,188
yspeilio,188
ragoriaeth,188
babilon,188
cynneddfau,188
wrandawyr,188
cedyrn,187
garw,187
nydd,187
chwith,187
drefnu,187
dywysog,187
cerbyd,187
goruchel,187
afreidiol,187
brysur,187
wen,187
walter,187
gyfartal,187
gôf,187
haidd,187
dêall,187
fagu,187
cuddio,187
rodd,186
hynafiaid,186
orfod,186
duwinyddion,186
bellder,186
gyfres,186
dadguddio,186
golygydd,186
celfyddydau,186
gysgu,186
rhinweddol,186
threfn,186
cyttuno,186
cymmod,186
gallo,186
wirfoddol,186
cyfrifol,185
creu,185
gwresog,185
nodweddau,185
fwynhau,185
napoleon,185
anghreifftiau,185
gofynai,185
trwyadl,185
meddiannau,185
dychweliad,185
tragwyddol,185
briod,185
olynol,185
meddyg,184
darlleniad,184
siôn,184
rwystro,184
ewythr,184
orllewinol,184
deilyngdod,184
fferylliaeth,184
anifeilaidd,184
bresennoldeb,184
cyflawniad,184
uchafiaeth,184
lwyth,184
ber,184
babell,184
trwyddynt,184
gyfnod,184
seithfed,184
dirion,184
feddylir,184
annhrefn,184
erfyn,184
fynyddoedd,184
rodio,184
sadwrn,184
march,183
argraffedig,183
gallasem,183
calvin,183
chwyddo,183
darlunio,183
ydwyt,183
genedigaeth,183
gwylio,183
cofier,183
dangosodd,183
foddloni,183
brifysgol,183
dlodi,183
ystyriai,183
dysgybl,183
weledig,183
dosbarthiadau,183
dechre,182
oddifewn,182
smith,182
ddechreuodd,182
ddychymygu,182
gu,182
tywysogion,182
golofn,182
cywirdeb,182
gaethiwed,182
peiriant,182
ammodau,182
ham,182
wendid,182
ysgolfeistr,181
cadben,181
dianc,181
croes,181
drysorau,181
cyfryngwr,181
genadol,181
porth,181
enbyd,181
drom,181
atoch,181
anianyddol,181
throi,181
dduwinyddiaeth,181
cyhoeddodd,181
olew,181
awelon,181
ysgogiadau,180
llên,180
ymffrostio,180
christmas,180
bugail,180
godidog,180
ynof,180
gwaelod,180
teyrnasu,180
so,180
cynnyrch,180
angerddol,180
dêg,180
fanteisiol,180
uniondeb,180
galwodd,180
cyfeiria,180
llythyren,180
deffro,180
ataf,180
cymerwyd,180
gyfeillach,179
croesi,179
byddem,179
fôn,179
waered,179
efengylwyr,179
merthyr,179
wyrthiau,179
cysylltiedig,179
gwynion,179
ymddyddanion,179
gwanwyn,179
cyfle,179
dylent,179
cydwladwyr,179
cwestiynau,179
livingstone,178
awstria,178
lênyddiaeth,178
rhoes,178
osodiad,178
wynebu,178
crêu,178
wych,178
eisteddfodau,178
diderfyn,178
budd,178
harfer,178
dragywyddoldeb,178
ymgadw,178
ddiwyd,178
gynnar,178
clir,178
theimlo,177
foment,177
ystyriol,177
marc,177
ddeugain,177
god,177
rhwymau,177
moroedd,177
bro,177
ysywaeth,177
esgus,176
sul,176
brutus,176
henafiaid,176
aswy,176
brodorion,176
la,176
drwyddi,176
pwysigrwydd,176
gadair,176
deyrnasiad,176
dystion,176
rhoddid,176
boneddigion,176
gymeradwyaeth,176
cred,176
eglurhad,176
thrachefn,176
rhith,176
addurno,176
pwyllgor,176
gymydogion,175
tâl,175
derwyddon,175
wledd,175
anghenion,175
neill,175
dangosir,175
golygfeydd,175
ehedeg,175
gwnewch,175
amlaf,175
fawrhydi,175
foster,175
rwy,175
stuart,175
chwant,175
gad,175
haelioni,175
gryfach,175
symledd,175
gawsant,175
creulawn,175
gynifer,175
huno,174
gwartheg,174
purdeb,174
weinyddiaeth,174
unfed,174
palmerston,174
gorllewinol,174
ugeiniau,174
ymwybodol,174
cynnorthwy,174
ferched,174
etifedd,174
llin,174
goruwch,174
darddiad,173
foddlonrwydd,173
nhw,173
gynhyrfu,173
anerch,173
destunau,173
wasanaethgar,173
tramor,173
wnant,173
baich,173
theimladau,173
ddarn,173
ysgrifenedig,173
cofiant,173
faddeu,173
manchester,173
ufuddhâu,173
segur,173
wiw,173
rhyngom,173
cyfieithu,173
greaduriaid,172
ymdrin,172
troed,172
ddyledswyddau,172
ieuan,172
ymsefydlu,172
ddygwydd,172
pasio,172
cymdeithasol,172
xv,172
homer,172
bangor,172
llwydd,172
tybiai,172
warth,172
wyddoch,172
trefniant,172
trysorau,172
faich,172
gladdu,172
tr,172
henaid,172
niweidio,172
flynyddol,172
gyflog,172
watson,171
genesis,171
xii,171
reol,171
wers,171
phrif,171
gorchwylion,171
gymdeithion,171
fuddugoliaeth,171
adfywiad,171
gorchuddio,171
duwinydd,171
dueddol,171
review,171
offrwm,171
anadnabyddus,171
wres,171
falch,171
ddirnad,171
planedau,171
adroddir,171
pryder,171
duc,171
cyffwrdd,170
fywiog,170
fflam,170
pwynt,170
hybarch,170
try,170
gywirdeb,170
henw,170
grêadur,170
wnaethai,170
mywyd,170
amaethyddol,169
drydydd,169
feddai,169
gwynfa,169
nol,169
prïodol,169
glyn,169
ddadgan,169
daer,169
hynodi,169
hwylio,169
gyfnewid,169
wythnosau,169
bath,169
ymarweddiad,169
dinbych,169
dernyn,169
almaen,169
college,169
barai,169
ysgeler,168
ê,168
condemnio,168
weithian,168
dechreuwyd,168
cartrefol,168
mehefin,168
ganiadau,168
cânt,168
iolo,168
nofio,168
hanfon,168
lliwiau,168
gyfreithlawn,168
ranu,168
hawlfraint,168
chwalu,168
seisoneg,168
ddofn,167
neges,167
ddisymwth,167
deilliaw,167
beryglus,167
hin,167
wag,167
myfyrdod,167
zelog,167
chyflawni,167
waelod,167
boddlonrwydd,167
anocheladwy,167
orphwysfa,167
gorfoledd,167
dinystriol,167
weddw,167
diogelwch,167
alexandria,167
gyrfa,166
neidio,166
view,166
ao,166
teyrnasoedd,166
fynychaf,166
dyrys,166
bwysau,166
bwyll,166
ymadawodd,166
gwladwriaeth,166
gorsedd,166
dibwys,166
vol,166
ymddyrchafu,166
ymroddiad,166
dygwyddai,166
teilyngu,166
mur,166
dalen,165
hynodrwydd,165
ymddangosiadol,165
areithiau,165
rhufeinig,165
cyhoeddiadau,165
desgrifio,165
ogaeth,165
aethau,165
henaf,165
twyllo,165
melus,164
xiv,164
note,164
ddiwygiad,164
mellt,164
gwŷn,164
iôr,164
allesid,164
dystaw,164
gaethion,164
cofiwch,164
coll,164
cyfaddef,164
mynegu,164
emynyddiaeth,164
hysgrif,164
adsain,164
gwobr,163
wesleyaid,163
col,163
garedig,163
wyllt,163
eithriadau,163
drannoeth,163
dywedwyd,163
meddylgar,163
cyfododd,163
wneid,163
cludo,163
adran,163
rhagoriaethau,163
diogel,163
york,163
tymmorol,163
synwyrol,163
ddysgyblaeth,163
ross,163
estronol,162
wyrth,162
arosodd,162
ŷ,162
caredig,162
papyr,162
cobden,162
chodi,162
eiddigedd,162
wynebpryd,162
tywydd,162
fynegu,162
cheisio,162
llywodr,162
nodded,162
ddwyreiniol,162
cynnifer,162
cawsai,162
trwydded,162
ffon,162
welai,161
wahaniaethu,161
between,161
phryd,161
ffug,161
guddiedig,161
faddeuant,161
medrusrwydd,161
dyfnion,161
meistri,161
anianol,161
gyfleusdra,161
praidd,161
government,161
kant,161
mwynhau,161
ddynodi,161
tragywyddoldeb,161
meddwol,161
ddefnyddiol,161
misoedd,160
also,160
deithas,160
bapyr,160
chyffredin,160
ddaearol,160
haneswyr,160
efrydwyr,160
adeiladwyd,160
dyddiol,160
boreuaf,160
rhyfeloedd,160
ymwared,160
arnat,160
dyfyniadau,160
judah,160
ddysglaer,160
roddid,160
thair,160
coron,160
efrydiaeth,160
ewyllysgar,159
meirch,159
priodi,159
geiniog,159
fedydd,159
osododd,159
gynnaliaeth,159
hadeiladu,159
wynt,159
gwyl,159
glaf,159
dyfu,159
adegau,159
fuasent,159
ddyfnach,159
nodweddion,159
feirniadaeth,158
archwaeth,158
ddirgel,158
cyflog,158
chymru,158
glo,158
adawodd,158
erlidigaeth,158
anfanteision,158
gastell,158
chyhoeddi,158
roes,158
sobr,158
claddu,158
gyfyngu,158
arwynebol,158
clyw,158
anghysondeb,158
ffurfiwyd,158
bechgyn,158
lŷs,158
dylanwadau,158
arferid,158
hume,158
diweddarach,158
teilyngdod,157
knox,157
dywallt,157
deheu,157
fwriadu,157
geffyl,157
ffynnonau,157
ddillad,157
xiii,157
pharch,157
phregethu,157
gangenau,157
amddiffynfa,157
ï,157
llywodraethwyr,157
hiraeth,157
gader,157
offeiriadaeth,157
edigaeth,157
arbenigrwydd,157
gafwyd,157
gyfaddas,157
siomedigaeth,157
chwefror,157
cadarnhâu,157
bummed,157
frys,156
attolwg,156
helaethu,156
gweini,156
ennyn,156
genyt,156
tŵr,156
cwyno,156
pendant,156
iodd,156
gynneddfau,156
cynnaliaeth,156
dylanwadu,156
gwawd,156
welwch,156
difyrwch,156
fethu,156
gosbi,156
drysorfa,156
gaer,156
drosti,156
ormodol,156
adfeilion,155
noah,155
cyfartaledd,155
llaeth,155
dyst,155
indiaid,155
addysgiaeth,155
gwroldeb,155
llanc,155
cyfyngu,155
deuluoedd,155
deuwch,155
rhyddfrydig,155
hâf,155
symudodd,155
society,155
gyfyng,155
addurn,155
cynauaf,155
ceffylau,155
cai,155
lon,154
ddefodau,154
ddianc,154
gynnyrchion,154
syched,154
cynnwysiad,154
orseddfainc,154
gerddi,154
nazareth,154
garchar,154
perwyl,154
annedwydd,154
chanol,154
yni,154
ogof,154
gyfarwydd,154
cynnygiad,154
ael,154
oddiwrthi,154
dyfal,153
erlid,153
gaerfyrddin,153
ffodus,153
rhyfeddodau,153
borth,153
ymdeimlo,153
ych,153
noddfa,153
bwyso,153
ethol,153
cydymdeimlad,153
anerchiad,153
cwsg,153
trosglwyddo,153
babyddiaeth,153
caent,153
brotestanaidd,153
greadur,153
dwyllo,153
louis,153
xvi,153
gwlith,153
druenus,152
ceiniog,152
boeth,152
sylfaenu,152
orchwylion,152
gysylltu,152
cyfyd,152
mary,152
osodir,152
hystyr,152
gred,152
annaturiol,152
beddau,152
enwocaf,152
ddiolch,152
ystafelloedd,151
term,151
brwydr,151
dig,151
barnau,151
gwellt,151
gyfnewidiadau,151
droedfeddi,151
ga,151
chwarter,151
ca,151
wêl,151
freninoedd,151
testyn,151
foneddigion,151
ryfeddol,151
anmhriodol,151
addfed,151
crybwylledig,151
boblogaidd,151
cawr,150
rif,150
annogaeth,150
anrhydeddu,150
jonah,150
ui,150
wnaf,150
daflen,150
its,150
halen,150
harwr,150
eiddynt,150
tystiolaethau,150
lludw,150
angenrheidrwydd,150
truan,150
vr,150
helaethrwydd,150
cyfreithlawn,150
waeddi,150
gwawr,150
wylio,150
cnawdol,149
ŵyl,149
preswylwyr,149
mlaen,149
diwygio,149
egwan,149
meddyliem,149
rowland,149
sïon,149
berthynasau,149
prwssia,149
briodoliaethau,149
sychu,149
newyddiaduron,149
if,149
achwyn,149
tymher,149
cyrhaeddodd,149
thros,149
efengylwr,148
udgorn,148
lwybrau,148
nerthoedd,148
dringo,148
professor,148
grêu,148
mhlwyf,148
ellis,148
te,148
ddarlun,148
drychfeddyliau,148
gosb,148
wreiddyn,148
ysglyfaeth,148
sior,148
drosedd,148
ddiareb,148
fynwent,148
gymeradwy,148
cymanfa,148
boddloni,148
priodas,147
uchelder,147
trosedd,147
em,147
reid,147
deallus,147
í,147
seiliedig,147
tybed,147
saer,147
trymion,147
pwysicaf,147
ddychweliad,147
ffyrnig,147
co,147
rhagymadrodd,147
ddadguddio,147
ddedfryd,147
deunaw,146
darganfyddiad,146
orwedd,146
dyfnaf,146
enwir,146
dygwyddiad,146
jay,146
dylif,146
dalent,146
ddiweddarach,146
des,146
torodd,146
dannedd,146
gysylltiadau,146
tybiwn,146
oeddid,146
gwelwch,146
dyled,146
hoffder,146
efrydu,146
wnelo,146
parotoi,146
efelychu,146
foneddiges,146
ysgrifau,146
chyfoeth,146
ry,146
ysgotland,146
neillduo,146
ofergoeledd,146
lygredig,146
cydnabyddiaeth,145
ostyngedig,145
argraffydd,145
ymarferiadau,145
gâd,145
aelwyd,145
cwmni,145
xx,145
cyflym,145
gyfeiliornus,145
perthynasau,145
tywod,145
igaeth,145
engyl,145
published,145
ddyfodol,145
bywydau,145
copi,145
allaf,145
ogion,145
caniadau,145
gwnawn,144
credo,144
darganfyddiadau,144
chywir,144
seison,144
wragedd,144
gwersi,144
fyddont,144
petruso,144
ddagrau,144
wyddor,144
wt,144
druain,144
tylwyth,144
adenydd,144
arwydda,144
fynent,144
europe,144
ysgoleigion,144
meini,144
gydwladwyr,144
ug,144
drosom,144
call,144
nai,144
clement,144
debygolrwydd,144
chwantau,144
allem,144
feunyddiol,144
etto,144
dduwiau,144
farchnad,144
gwrol,144
bwrpas,144
feddyginiaeth,144
father,143
lord,143
gondemnio,143
draethodau,143
our,143
llydan,143
version,143
ill,143
celyn,143
sefydlodd,143
salmydd,143
breuddwyd,143
arianol,143
diffygion,143
fryn,143
aì,143
flodau,142
dde,142
sylfeini,142
meryd,142
pennillion,142
gywilydd,142
gwydd,142
fawrion,142
bres,142
camgymeryd,142
cynnyrchion,142
fedrus,142
ordeinio,142
hamgylchiadau,142
paganiaid,142
teyrnasiad,142
trôdd,142
reading,142
great,141
anorchfygol,141
prydeinig,141
dderbyniodd,141
beio,141
ddyddorol,141
berffeithio,141
cânu,141
cymun,141
cyfieithydd,141
drais,141
sweden,141
llyfryn,141
gludo,141
socrates,141
ddylem,141
mon,141
chysylltiad,141
rad,141
hachos,141
anghenrheid,141
argraffwasg,141
orion,140
dyffrynoedd,140
brys,140
gaernarfon,140
ryfeddodau,140
aden,140
hanol,140
ymgyrch,140
bwystfil,140
collodd,140
cynnulleidfa,140
sydyn,140
diw,140
ddrygau,140
ow,140
fechgyn,140
darparu,140
ystori,140
inol,140
eiliad,140
fol,140
dysgedigion,140
defnyddir,140
adwaen,140
llefain,140
uf,139
longau,139
cynnrychioli,139
cenad,139
ddarlunio,139
ceidwad,139
mwynhâd,139
gos,139
ddychryn,139
briodi,139
tufewnol,139
mynu,139
lid,139
ffurfiol,139
sancteiddio,139
dywedasom,139
who,139
chyf,139
hadau,139
duol,139
hŵy,139
assyria,139
benau,139
safn,138
safodd,138
gwladwriaethol,138
mat,138
will,138
medrai,138
rwymo,138
ddesgrifio,138
atebion,138
cymerer,138
arfon,138
bleser,138
chynnal,138
thân,138
roddwn,138
hynaws,138
pro,138
rhywrai,138
odraeth,138
ddiddadl,137
gymhariaeth,137
gyrchu,137
prysur,137
olyniaeth,137
difrifwch,137
rhifo,137
ffiaidd,137
ystyriwn,137
bwynt,137
timotheus,137
ffenestr,137
llaweroedd,137
phechod,137
weini,137
poblogaeth,137
ânt,137
cymhwysder,137
taranau,137
arddunol,137
gweddus,137
gostyngedig,137
niwrnod,136
ddelo,136
gruffydd,136
dublin,136
gwyrthiol,136
pheidio,136
addurniadau,136
chredu,136
wrthwyneb,136
craig,136
wasgu,136
brophwydoliaeth,136
garedigrwydd,136
eilw,136
weddol,136
traddodi,136
article,136
crynu,136
cref,136
please,136
wnaent,136
ellwch,136
athron,136
haelionus,136
dywedwch,136
gofynir,136
future,136
fal,136
ymchwil,136
arwyddlun,136
burdeb,136
hynafiaeth,135
there,135
germani,135
rinweddau,135
chorff,135
weithwyr,135
bant,135
tyddyn,135
cysurus,135
created,135
amgylchu,135
olwynion,135
bennill,135
cofia,135
iorddonen,135
phrydferth,135
ddyfais,135
aethum,135
heglwys,135
gardd,135
rïeni,135
diluw,135
perthynu,135
olygir,135
driniaeth,135
absennoldeb,135
sonia,135
guro,135
treuliodd,135
anffawd,135
dysgyblaeth,134
dymhestl,134
doethion,134
dyrchafiad,134
grêaduriaid,134
ceryg,134
neillduolrwydd,134
neuadd,134
chalmers,134
cyfranogi,134
license,134
darganfod,134
balch,134
cyfyng,134
addefir,134
ymenydd,134
pages,134
ymgynghori,134
ychwanegiad,134
cyraedd,134
oherwydd,134
bendithio,134
gwyddelod,134
terms,134
gynnwysiad,134
cymerir,134
gredo,134
hirfaith,134
goedwig,134
cyfran,133
ddosbarthiadau,133
faen,133
yny,133
eisiau,133
crêaduriaid,133
clustiau,133
ann,133
chware,133
awdlau,133
nodir,133
gyrhaeddyd,133
hamddiffyn,133
tew,133
feddyliem,133
leigh,133
anhawsdra,133
preg,133
noder,133
methodistaidd,133
aflonyddu,133
rhwymedigaeth,133
modfedd,133
zêl,133
laeth,133
wallt,133
llysoedd,133
ddygwyddiadau,133
prophwydoliaethau,133
braint,133
thynu,133
laf,133
diroedd,133
dlodion,133
marn,133
diammheuol,133
annyoddefol,133
gwnaethant,133
ddyfroedd,132
ddiwydrwydd,132
llwyn,132
cenadau,132
gwrthwynebwyr,132
posibl,132
tirion,132
bennillion,132
difyr,132
sugno,132
trais,132
cynhwrf,132
llestri,132
oesol,132
anghyfreithlawn,132
gwymp,132
haedd,132
fa,132
mebyd,132
cêryg,132
ddwywaith,132
edrychid,132
lm,132
wp,132
puritaniaid,132
glas,132
ddegfed,131
gwastadedd,131
oddiwrthym,131
gweithiol,131
cyffro,131
troseddwr,131
cylchoedd,131
gwahan,131
cefnogi,131
anfantais,131
ganlynwyr,131
barnwyr,131
arogl,131
gennych,131
wnaethpwyd,131
copyright,131
eir,131
blwyf,131
attalfa,131
ofnau,131
gobeithiwn,131
fon,131
salesbury,131
flin,131
gadwedig,131
gives,131
ymfoddloni,131
ganiatâol,131
flino,131
orfodi,131
dyfais,131
barhau,131
iehofa,130
ddesgrifiad,130
sarph,130
dry,130
lwch,130
dyrysu,130
hirion,130
phriodol,130
disgynodd,130
noddir,130
mynwesau,130
diolchgarwch,130
corinth,130
mansel,130
hattal,130
gweithgar,130
gywrain,130
chawsant,130
sister,130
fedrai,130
win,130
poland,130
iawnderau,130
digyffelyb,130
dirnadaeth,130
peidiwch,130
cymeradwyaeth,130
cyfyngiadau,130
wraidd,130
teimla,130
oleuo,130
wddf,130
heddychol,129
gorchestol,129
rho,129
mynachod,129
taraw,129
presbyteriaid,129
fodau,129
interested,129
llewyrch,129
gymundeb,129
newidiad,129
hâu,129
tywallt,129
blaenor,129
cyflogau,129
luoedd,129
thrigolion,129
restrictions,129
beirniad,129
milwn,129
million,129
zl,129
deyrnasoedd,129
grasol,129
henwi,129
cain,129
delwau,129
balas,129
dyryswch,129
phrydferthwch,129
alluogi,129
baban,129
enawd,129
ysgwyddau,129
greulawn,128
ddiofal,128
ffrengig,128
amodau,128
galwai,128
ce,128
gweinidogaethol,128
oferedd,128
ysgrifenai,128
siomi,128
rhagddynt,128
ddefnyddioldeb,128
chyflawn,128
site,128
hel,128
fysg,128
fendithion,128
berchen,128
ynghanol,128
dys,128
tawelwch,128
apply,128
eisteddai,128
eiddom,128
sarhâd,128
ephesus,128
coleridge,128
tyred,128
tôri,128
bryder,128
hys,128
ur,128
croen,128
isod,128
gwallt,128
fedru,128
fedrusrwydd,128
ddiysgog,128
neillduolion,128
ddiddordeb,127
canrifoedd,127
berthnasol,127
k,127
fersiwn,127
papurau,127
din,127
papuraunewydd,127
digidol,127
dyeithriaid,127
bapurau,127
dôri,127
areithiwr,127
glô,127
dygid,127
essex,127
ddrychau,127
gronyn,127
cyttundeb,127
rete,127
website,127
neel,127
europeana,127
investing,127
nodiad,127
pwll,127
sponsored,127
wrthych,127
lax,127
access,127
hynny,127
gilio,127
ddeunaw,127
ymdaith,127
dudalennau,127
cydgyfarfod,127
milwr,127
gyr,127
butler,127
diaconiaid,127
crogi,127
pam,127
digital,127
cedwir,127
dyfetha,127
meddyl,127
llunio,126
har,126
bys,126
dywedid,126
osodiadau,126
ddygodd,126
diogelu,126
wrthwynebwyr,126
thy,126
cyfer,126
golud,126
ddysgir,126
toreithiog,126
parodd,126
wyddelig,126
cynnwysa,126
cymhwysderau,126
crwydro,126
michael,126
ochrau,126
dirwest,126
llif,126
se,126
gwestiwn,126
cyfundrefn,126
ragori,126
cynoesoedd,126
phaham,126
teml,126
melldith,125
breichiau,125
ngoleuni,125
oedi,125
hennill,125
agorwyd,125
cryfach,125
cŵn,125
fud,125
parhaus,125
poeth,125
aw,125
cŵr,125
olyniad,125
asai,125
arweiniodd,125
ymagor,125
esther,125
cosbi,125
bydysawd,125
ddrychfeddwl,125
phrofi,125
gwynfyd,125
pwysau,125
direswm,125
golchi,125
brudd,125
price,125
gweddu,125
lladron,125
gwahardd,125
gorphenaf,125
lincoln,125
chylch,125
francis,125
parotôi,125
chynnydd,125
gymerwyd,125
daeareg,125
awd,125
trwyddi,124
llifeiriant,124
crediniaeth,124
moes,124
draddodi,124
chyfiawnder,124
prydydd,124
gell,124
addfwyn,124
allo,124
chlywed,124
gyfreithiau,124
papyrau,124
dywedant,124
annherfynol,124
gyfaddef,124
ddigofaint,124
presennoldeb,124
eddau,124
christian,124
dirmygu,124
crybwylliad,124
meistriaid,124
salem,124
cydwybodau,124
ddygid,124
ymgynnull,124
gryno,124
ddifyrwch,124
llygru,124
dosbarthu,124
dalenau,124
rhyddion,124
ysbrydoedd,123
chymerodd,123
barotoi,123
lonydd,123
dulliau,123
seryddiaeth,123
ddrygioni,123
esbonwyr,123
gwên,123
anghydffurfwyr,123
ymwelodd,123
ddysgedig,123
waredu,123
aber,123
hyfforddi,123
iâ,123
gonestrwydd,123
pres,123
cyfundraeth,123
cangen,123
pheri,123
mynyddau,123
pryddest,123
gwared,123
freninol,123
cymeriadau,123
raì,123
ddywedwn,123
moch,123
thrueni,123
poenus,122
pabau,122
canmawl,122
aflwyddiannus,122
cewch,122
yroedd,122
ufuddhau,122
protestaniaeth,122
fordaith,122
briodoledd,122
gochel,122
elusen,122
gefnogi,122
esgyniad,122
arfaeth,122
bwyllog,122
ddyry,122
clerigwyr,122
fydded,122
llechau,122
howel,122
oruchafiaeth,122
haid,122
bywiogrwydd,122
bar,122
gresyn,122
anghenrheidiau,122
pharaoh,122
ped,122
anobaith,122
weddïau,122
delweddau,122
farddonol,122
south,122
gerddoriaeth,122
ngwasanaeth,122
berth,122
siglo,122
welid,121
awrhon,121
berthynai,121
ofergoelus,121
dalentau,121
porthi,121
asant,121
gwyddoniaeth,121
weddillion,121
mynegiad,121
goes,121
chefn,121
gymerir,121
lleihâu,121
dewr,121
ffwrdd,121
offerynol,121
serth,121
ysgolaig,121
fyrdd,121
tuhwnt,121
brotestaniaid,121
llangeitho,121
arw,121
tô,121
what,121
syria,121
israeliaid,121
wrthsefyll,121
tegwch,121
brophwyd,120
iwyd,120
treffynnon,120
house,120
hela,120
trysor,120
anghymharol,120
benfro,120
cr,120
gynnyddu,120
bodau,120
âc,120
dithau,120
om,120
judea,120
offer,120
daran,120
gadarnhâu,120
gyfatebol,120
ddysgybl,120
pont,120
danaf,120
meithion,120
dirgelaidd,120
ymgeledd,120
henafiaethau,120
nwys,120
nettleton,120
gwall,120
teithiwr,120
wresog,120
basio,120
awyddfryd,120
cyfeiriwyd,120
ordeiniad,120
bwysigrwydd,120
urddau,120
dychymygol,119
teithwyr,119
anghymhwys,119
cyfeiliornad,119
offrymu,119
gamp,119
dwg,119
dolenau,119
phedair,119
street,119
enedigol,119
lêd,119
anturiaethus,119
freichiau,119
addysgiadol,119
dŷn,119
gwein,119
car,119
goruchwyliaeth,119
ymwybodolrwydd,119
gyfarch,119
tynerwch,119
nghyd,119
ganmawl,119
nhrefn,119
drain,119
aflwydd,118
dirnad,118
adgas,118
ddaethai,118
falchder,118
gyhoedd,118
odidog,118
terfysg,118
ochel,118
gylchiadau,118
upon,118
king,118
shall,118
ymwthio,118
waredigaeth,118
breintiau,118
awgrymiadau,118
llywodraethwr,118
england,118
hyddysg,118
barhâd,118
anrheg,118
farnau,118
wythfed,118
gerbyd,118
hunanol,118
rhaglaw,118
pechadurus,118
gawsai,118
heiddo,118
llenyddiaeth,118
anghof,118
mawreddog,118
brydydd,118
gwleidyddiaeth,118
glustiau,118
pla,118
cyfarfu,118
blynyddol,117
buchedd,117
brïodol,117
heresi,117
derfyniad,117
beiau,117
gwylltion,117
anferthol,117
cynlluniau,117
fì,117
martin,117
ansicr,117
naples,117
ddygwyddodd,117
byddom,117
hebgor,117
ddiarwybod,117
anffyddwyr,117
arabiaid,117
galarus,117
thŷ,117
anfoddlawn,117
berswadio,117
cyfiawnhâd,117
dysgir,117
nwyd,117
derbyniwyd,117
chysur,117
iawnder,117
tawy,117
gadawn,117
russell,117
judas,116
parry,116
hebreaid,116
côr,116
asgwrn,116
effro,116
ddêall,116
sibrwd,116
gydd,116
galilea,116
dewisol,116
don,116
rhybudd,116
chyd,116
ied,116
anufudd,116
llifo,116
credadyn,116
briododd,116
gynnifer,116
gadewir,116
gwyntoedd,116
daenu,116
gyferbyn,116
gwastadol,116
weddus,116
nia,116
adfyd,116
ngogledd,116
gymerai,116
ro,116
fainc,116
loes,116
iorwerth,116
other,116
gynnwysir,116
gwnant,116
gâreg,116
ymofyniad,116
ganiatâd,116
seisnig,115
gwyrth,115
pabydd,115
syrth,115
aethu,115
pwrpas,115
liosog,115
trallod,115
chyffredinol,115
pendefigion,115
gwenu,115
gymdeithasau,115
ddylent,115
methodd,115
agoryd,115
afiach,115
camgymeriad,115
iselaf,115
seilio,115
ddychrynllyd,115
gynlluniau,115
gwraidd,115
ildio,115
byddinoedd,115
llŷn,115
bechu,115
dyfynu,115
babyddion,115
gwestiynau,115
deheubarth,115
creadigaeth,115
ineb,115
athen,115
wa,115
dall,114
gesyd,114
cyfarwydd,114
chai,114
ddiogelwch,114
ymsymud,114
ychain,114
cyflredin,114
llesg,114
drysor,114
gyfle,114
bleidiau,114
syth,114
cyfeiriadau,114
perthynai,114
cyfar,114
tlws,114
dafis,114
aed,114
rufeinig,114
caf,114
fyddwn,114
anwir,114
nghymydogaeth,114
pechu,114
lleidr,114
eilunod,114
dost,114
pherffaith,114
gewch,114
ysgwydd,114
brahma,114
sylfon,114
parhaodd,114
anobeithiol,114
nicholas,114
werydd,113
ffenestri,113
argyhoeddedig,113
byrth,113
wrthwynebiad,113
yfory,113
dywydd,113
glasgow,113
chymeriad,113
ddinasoedd,113
heno,113
dyrchafedig,113
diodydd,113
het,113
gallasent,113
restr,113
rhes,113
cholli,113
furiau,113
gelyniaeth,113
orchymynion,113
blaned,113
thuedd,113
eithin,113
gwmni,113
gelli,113
thragywyddol,113
pymtheg,113
priodoldeb,113
hynotaf,113
dangosai,113
rhew,113
cyfrifoldeb,113
mwg,113
cymysgu,113
anmhrisiadwy,113
gregory,112
derau,112
thalu,112
brawddegau,112
chwennych,112
brydnawn,112
campus,112
canoldir,112
gwario,112
gŵyl,112
amseriad,112
seinio,112
bythol,112
marwnad,112
aethai,112
blygu,112
harian,112
athrawiaethol,112
nghyfansoddiad,112
gymysg,112
cefnogaeth,112
nghyfraith,112
annuwioldeb,112
dynged,112
welsant,112
freniniaeth,112
rag,112
gymerasant,112
talaeth,112
demtasiwn,112
cyrchu,112
jesuitiaid,112
greigiau,112
thir,112
rhyfeddod,112
ior,112
gydsynio,112
asyn,112
cyfartal,112
disraeli,112
ddeheulaw,112
siwgr,112
ddylasai,111
ganfyddir,111
namyn,111
bobloedd,111
mrodyr,111
calch,111
saethu,111
pellaf,111
swyddol,111
twyllodrus,111
gyfarwyddyd,111
maurice,111
dygai,111
mrydain,111
ddefod,111
meddylddrychau,111
english,111
burion,111
nage,111
colled,111
them,111
arferedig,111
gol,111
teimlwn,111
dduwdod,111
fêr,111
credai,111
ganmoliaeth,111
thywyllwch,111
ddibetrus,111
perchen,111
pwyll,111
awduriaeth,111
men,111
ye,111
bryddest,111
fer,111
naws,111
eithafol,111
perth,111
driugain,111
traddodiadau,111
bâr,111
annichonadwy,110
meddyliwn,110
wnelai,110
gwthio,110
meidrol,110
galileo,110
yng,110
nae,110
rhagllaw,110
amgyffredion,110
helaethaf,110
beirniadol,110
offerynoliaeth,110
thaflu,110
gwahanu,110
gydymdeimlad,110
parchu,110
cymeradwyo,110
yddion,110
fydoedd,110
gyfandir,110
cyfagos,110
feddiannau,110
cywilydd,110
jonathan,110
dewisiad,110
breswylwyr,110
addoliaeth,110
adolygiad,110
swyddfa,110
dirprwywyr,110
yrun,110
llafurwyr,110
gargantua,110
ewbl,110
ymdriniaeth,110
hadrodd,110
treth,110
bristol,110
cwrdd,110
aci,110
amddifaid,110
adwaenir,110
galonog,109
undod,109
chanfod,109
sacramentau,109
jehofa,109
xvii,109
rifedi,109
pellenig,109
arddansoddol,109
philip,109
dysgleirdeb,109
iti,109
re,109
maip,109
cyfiawnhâu,109
wythnosol,109
esboniadau,109
bab,109
hanesiol,109
johnson,109
dyfeisio,109
efa,109
feusydd,109
colledig,109
ymlid,109
addoldŷ,109
dragwyddol,109
buaswn,109
claf,109
gyfarfodydd,109
rhagorach,109
ddirnadaeth,109
anffaeledigrwydd,109
gweithoedd,109
foreuol,109
arosiad,109
ddinbych,109
palestina,108
ay,108
deithiau,108
argyhoeddiadau,108
nheyrnas,108
chafwyd,108
feddyliol,108
phobpeth,108
abertawy,108
talentau,108
hateb,108
ymdroi,108
ddyrchafiad,108
meddylir,108
phum,108
blas,108
sect,108
meddant,108
feirniaid,108
fyddwch,108
nghorff,108
diriogaeth,108
glynu,108
main,108
ddarparu,108
borthi,108
effeithiodd,108
filltiroedd,108
ystwyth,108
cenedlaeth,108
deimlai,108
hymn,108
pant,108
amserol,108
cyfrifir,108
shakspeare,108
theulu,108
glywsom,108
diarebion,108
brenines,108
hudo,108
prynedigaeth,107
gyntefig,107
lwythau,107
rhuthro,107
dychwel,107
drwyddynt,107
ddifyr,107
halogedig,107
australia,107
chwys,107
cryfder,107
ddwg,107
ddeil,107
wedir,107
ymholi,107
dafarn,107
dywysogion,107
dyfalu,107
cwympo,107
does,107
miss,107
ddirmyg,107
rheidrwydd,107
llyncu,107
ysgrifena,107
gwledig,107
wyddol,107
benodi,107
gysegru,107
arglwyddes,106
unffurfiaeth,106
gymysgu,106
milwraidd,106
eglwyswr,106
roddion,106
delyn,106
dwyfoldeb,106
lygredigaeth,106
blinder,106
cyfeiliornadau,106
gefnogaeth,106
ffyddloniaid,106
mron,106
alwyd,106
ymgeiswyr,106
temlau,106
gorchestion,106
ieuane,106
ryfeddu,106
daethai,106
goodwin,106
priododd,106
darlithiau,106
gyhoeddodd,106
nghyfaill,106
ymdrechfa,106
xxii,106
gyffwrdd,106
barchu,106
eryri,106
ho,106
harferion,106
gorchymynion,106
drech,106
rhyddhâu,106
tal,106
beecher,106
times,106
sylwai,106
lyncu,105
eglurder,105
gwelliant,105
tithau,105
llyfrgelloedd,105
wyddys,105
flyneddol,105
cyfleus,105
cyfnodol,105
efrydiau,105
agorodd,105
gododd,105
euraidd,105
para,105
diweddu,105
him,105
iôn,105
danfon,105
fywioliaeth,105
miliynau,105
saul,105
ddiffygion,105
weithoedd,105
ganrifoedd,105
febyd,105
barna,105
gymhwysder,105
seintiau,105
anfad,105
gwastad,105
hêdd,105
ymddangosant,105
anhygoel,105
anghrediniaeth,105
mabwysiadu,105
moliant,105
fabwysiadu,105
oruchel,105
cyfreithiol,105
bridd,105
adnoddau,105
delo,105
lwyddiannus,105
wersi,104
see,104
flaenoriaeth,104
ystyriom,104
cyfwng,104
breg,104
lywyddiaeth,104
gânt,104
eyn,104
sacrament,104
geneva,104
craff,104
graddol,104
cyferbyniad,104
anfeidroldeb,104
denu,104
oddicartref,104
elyniaeth,104
barbaraidd,104
griffiths,104
ymhyfrydu,104
gleddyf,104
gai,104
cyfarwyddyd,104
wynne,104
peryglon,104
anfuddiol,104
rwysg,104
meddyliodd,104
land,104
pyrth,104
ymunodd,104
anhysbys,104
traws,104
chydwybod,104
sill,104
cymerwch,104
tudur,104
geidwad,104
gwasgaru,104
rhywfaint,104
ofnwn,104
pleidwyr,104
edmund,104
gyffyrddiad,104
drefnus,104
anfoddlonrwydd,104
buddugoliaeth,104
richards,103
estroniaid,103
drysau,103
gydwybodol,103
ŵ,103
bentref,103
ysgogi,103
moffat,103
theg,103
stradling,103
amryfusedd,103
wriaeth,103
fair,103
dymunwn,103
neillduedig,103
adyn,103
iseldir,103
beunyddiol,103
dygiad,103
galluocaf,103
dreiddio,103
sobrwydd,103
phurdeb,103
gwagle,103
aradr,103
ganwyll,103
haelodau,103
pererin,103
perthyna,103
parhâd,103
degwch,103
siencyn,103
celfyddydol,103
gwnelai,103
oldeb,103
chawsom,103
sêl,103
ddangosir,103
fryniau,103
êangder,103
teitl,103
masnachwyr,103
apelio,102
aaron,102
uchelgais,102
gwnaethpwyd,102
gynnaliwyd,102
lunio,102
aa,102
ddarluniad,102
ynas,102
young,102
mherson,102
trefniadau,102
gwelem,102
gwersyll,102
draeth,102
derfynol,102
grefyddwyr,102
gŵn,102
etholwyr,102
wein,102
pender,102
ddrud,102
hereticiaid,102
mathew,102
ordinhadau,102
cyfyngder,102
hymddangosiad,102
filldir,102
defn,102
haint,102
ymostyngiad,102
erw,102
prinder,102
goleuedig,102
pallu,102
sylwer,102
sylwyd,102
garcharor,102
ddamwain,102
lwyddodd,102
ymlyniad,102
deil,102
ysbrydolrwydd,102
og,102
caredigrwydd,102
columbus,101
cnwd,101
diwygiwr,101
swnio,101
peel,101
par,101
gwneid,101
atat,101
seremonïau,101
dychrynu,101
rhagfyr,101
dylanwadol,101
cas,101
fr,101
yspaen,101
gwenwyn,101
flwydd,101
ffair,101
ddilys,101
addefwn,101
doniol,101
newman,101
fras,101
haddysgu,101
calfaria,101
deut,101
gofidus,101
rhifyddiaeth,101
porthladd,101
gyhuddo,101
gwrthddadleuon,101
holland,101
gwener,101
thuag,101
tybygem,101
gain,101
effeithiolrwydd,101
hispaen,101
eiddil,101
weithredol,101
roger,101
gobeithiol,101
